URL,Domain,Estimated_Quality
https://mayoclinic.org/back-pain/article-0,mayoclinic.org,high
https://who.int/back-pain/article-1,who.int,high
https://cdc.gov/back-pain/article-2,cdc.gov,high
https://nih.gov/back-pain/article-3,nih.gov,high
https://ninds.nih.gov/back-pain/article-4,ninds.nih.gov,high
https://hopkinsmedicine.org/back-pain/article-5,hopkinsmedicine.org,high
https://clevelandclinic.org/back-pain/article-6,clevelandclinic.org,high
https://stanfordhealthcare.org/back-pain/article-7,stanfordhealthcare.org,high
https://health.harvard.edu/back-pain/article-8,health.harvard.edu,high
https://bmj.com/back-pain/article-9,bmj.com,high
https://cochranelibrary.com/back-pain/article-10,cochranelibrary.com,high
https://pubmed.ncbi.nlm.nih.gov/back-pain/article-11,pubmed.ncbi.nlm.nih.gov,high
https://aafp.org/back-pain/article-12,aafp.org,high
https://rheumatology.org/back-pain/article-13,rheumatology.org,high
https://arthritis.org/back-pain/article-14,arthritis.org,high
https://versusarthritis.org/back-pain/article-15,versusarthritis.org,high
https://nhs.uk/back-pain/article-16,nhs.uk,high
https://nia.nih.gov/back-pain/article-17,nia.nih.gov,high
https://mayoclinic.org/back-pain/article-18,mayoclinic.org,high
https://who.int/back-pain/article-19,who.int,high
https://cdc.gov/back-pain/article-20,cdc.gov,high
https://nih.gov/back-pain/article-21,nih.gov,high
https://ninds.nih.gov/back-pain/article-22,ninds.nih.gov,high
https://hopkinsmedicine.org/back-pain/article-23,hopkinsmedicine.org,high
https://clevelandclinic.org/back-pain/article-24,clevelandclinic.org,high
https://stanfordhealthcare.org/back-pain/article-25,stanfordhealthcare.org,high
https://health.harvard.edu/back-pain/article-26,health.harvard.edu,high
https://bmj.com/back-pain/article-27,bmj.com,high
https://cochranelibrary.com/back-pain/article-28,cochranelibrary.com,high
https://pubmed.ncbi.nlm.nih.gov/back-pain/article-29,pubmed.ncbi.nlm.nih.gov,high
https://aafp.org/back-pain/article-30,aafp.org,high
https://rheumatology.org/back-pain/article-31,rheumatology.org,high
https://arthritis.org/back-pain/article-32,arthritis.org,high
https://versusarthritis.org/back-pain/article-33,versusarthritis.org,high
https://nhs.uk/back-pain/article-34,nhs.uk,high
https://nia.nih.gov/back-pain/article-35,nia.nih.gov,high
https://mayoclinic.org/back-pain/article-36,mayoclinic.org,high
https://who.int/back-pain/article-37,who.int,high
https://cdc.gov/back-pain/article-38,cdc.gov,high
https://nih.gov/back-pain/article-39,nih.gov,high
https://ninds.nih.gov/back-pain/article-40,ninds.nih.gov,high
https://hopkinsmedicine.org/back-pain/article-41,hopkinsmedicine.org,high
https://clevelandclinic.org/back-pain/article-42,clevelandclinic.org,high
https://stanfordhealthcare.org/back-pain/article-43,stanfordhealthcare.org,high
https://health.harvard.edu/back-pain/article-44,health.harvard.edu,high
https://bmj.com/back-pain/article-45,bmj.com,high
https://cochranelibrary.com/back-pain/article-46,cochranelibrary.com,high
https://pubmed.ncbi.nlm.nih.gov/back-pain/article-47,pubmed.ncbi.nlm.nih.gov,high
https://aafp.org/back-pain/article-48,aafp.org,high
https://rheumatology.org/back-pain/article-49,rheumatology.org,high
https://arthritis.org/back-pain/article-50,arthritis.org,high
https://versusarthritis.org/back-pain/article-51,versusarthritis.org,high
https://nhs.uk/back-pain/article-52,nhs.uk,high
https://nia.nih.gov/back-pain/article-53,nia.nih.gov,high
https://mayoclinic.org/back-pain/article-54,mayoclinic.org,high
https://who.int/back-pain/article-55,who.int,high
https://cdc.gov/back-pain/article-56,cdc.gov,high
https://nih.gov/back-pain/article-57,nih.gov,high
https://ninds.nih.gov/back-pain/article-58,ninds.nih.gov,high
https://hopkinsmedicine.org/back-pain/article-59,hopkinsmedicine.org,high
https://clevelandclinic.org/back-pain/article-60,clevelandclinic.org,high
https://stanfordhealthcare.org/back-pain/article-61,stanfordhealthcare.org,high
https://health.harvard.edu/back-pain/article-62,health.harvard.edu,high
https://bmj.com/back-pain/article-63,bmj.com,high
https://cochranelibrary.com/back-pain/article-64,cochranelibrary.com,high
https://pubmed.ncbi.nlm.nih.gov/back-pain/article-65,pubmed.ncbi.nlm.nih.gov,high
https://aafp.org/back-pain/article-66,aafp.org,high
https://rheumatology.org/back-pain/article-67,rheumatology.org,high
https://arthritis.org/back-pain/article-68,arthritis.org,high
https://versusarthritis.org/back-pain/article-69,versusarthritis.org,high
https://nhs.uk/back-pain/article-70,nhs.uk,high
https://nia.nih.gov/back-pain/article-71,nia.nih.gov,high
https://mayoclinic.org/back-pain/article-72,mayoclinic.org,high
https://who.int/back-pain/article-73,who.int,high
https://cdc.gov/back-pain/article-74,cdc.gov,high
https://nih.gov/back-pain/article-75,nih.gov,high
https://ninds.nih.gov/back-pain/article-76,ninds.nih.gov,high
https://hopkinsmedicine.org/back-pain/article-77,hopkinsmedicine.org,high
https://clevelandclinic.org/back-pain/article-78,clevelandclinic.org,high
https://stanfordhealthcare.org/back-pain/article-79,stanfordhealthcare.org,high
https://health.harvard.edu/back-pain/article-80,health.harvard.edu,high
https://bmj.com/back-pain/article-81,bmj.com,high
https://cochranelibrary.com/back-pain/article-82,cochranelibrary.com,high
https://pubmed.ncbi.nlm.nih.gov/back-pain/article-83,pubmed.ncbi.nlm.nih.gov,high
https://aafp.org/back-pain/article-84,aafp.org,high
https://rheumatology.org/back-pain/article-85,rheumatology.org,high
https://arthritis.org/back-pain/article-86,arthritis.org,high
https://versusarthritis.org/back-pain/article-87,versusarthritis.org,high
https://nhs.uk/back-pain/article-88,nhs.uk,high
https://nia.nih.gov/back-pain/article-89,nia.nih.gov,high
https://mayoclinic.org/back-pain/article-90,mayoclinic.org,high
https://who.int/back-pain/article-91,who.int,high
https://cdc.gov/back-pain/article-92,cdc.gov,high
https://nih.gov/back-pain/article-93,nih.gov,high
https://ninds.nih.gov/back-pain/article-94,ninds.nih.gov,high
https://hopkinsmedicine.org/back-pain/article-95,hopkinsmedicine.org,high
https://clevelandclinic.org/back-pain/article-96,clevelandclinic.org,high
https://stanfordhealthcare.org/back-pain/article-97,stanfordhealthcare.org,high
https://health.harvard.edu/back-pain/article-98,health.harvard.edu,high
https://bmj.com/back-pain/article-99,bmj.com,high
https://cochranelibrary.com/back-pain/article-100,cochranelibrary.com,high
https://pubmed.ncbi.nlm.nih.gov/back-pain/article-101,pubmed.ncbi.nlm.nih.gov,high
https://aafp.org/back-pain/article-102,aafp.org,high
https://rheumatology.org/back-pain/article-103,rheumatology.org,high
https://arthritis.org/back-pain/article-104,arthritis.org,high
https://versusarthritis.org/back-pain/article-105,versusarthritis.org,high
https://nhs.uk/back-pain/article-106,nhs.uk,high
https://nia.nih.gov/back-pain/article-107,nia.nih.gov,high
https://mayoclinic.org/back-pain/article-108,mayoclinic.org,high
https://who.int/back-pain/article-109,who.int,high
https://cdc.gov/back-pain/article-110,cdc.gov,high
https://nih.gov/back-pain/article-111,nih.gov,high
https://ninds.nih.gov/back-pain/article-112,ninds.nih.gov,high
https://hopkinsmedicine.org/back-pain/article-113,hopkinsmedicine.org,high
https://clevelandclinic.org/back-pain/article-114,clevelandclinic.org,high
https://stanfordhealthcare.org/back-pain/article-115,stanfordhealthcare.org,high
https://health.harvard.edu/back-pain/article-116,health.harvard.edu,high
https://bmj.com/back-pain/article-117,bmj.com,high
https://cochranelibrary.com/back-pain/article-118,cochranelibrary.com,high
https://pubmed.ncbi.nlm.nih.gov/back-pain/article-119,pubmed.ncbi.nlm.nih.gov,high
https://aafp.org/back-pain/article-120,aafp.org,high
https://rheumatology.org/back-pain/article-121,rheumatology.org,high
https://arthritis.org/back-pain/article-122,arthritis.org,high
https://versusarthritis.org/back-pain/article-123,versusarthritis.org,high
https://nhs.uk/back-pain/article-124,nhs.uk,high
https://nia.nih.gov/back-pain/article-125,nia.nih.gov,high
https://mayoclinic.org/back-pain/article-126,mayoclinic.org,high
https://who.int/back-pain/article-127,who.int,high
https://cdc.gov/back-pain/article-128,cdc.gov,high
https://nih.gov/back-pain/article-129,nih.gov,high
https://ninds.nih.gov/back-pain/article-130,ninds.nih.gov,high
https://hopkinsmedicine.org/back-pain/article-131,hopkinsmedicine.org,high
https://clevelandclinic.org/back-pain/article-132,clevelandclinic.org,high
https://stanfordhealthcare.org/back-pain/article-133,stanfordhealthcare.org,high
https://health.harvard.edu/back-pain/article-134,health.harvard.edu,high
https://bmj.com/back-pain/article-135,bmj.com,high
https://cochranelibrary.com/back-pain/article-136,cochranelibrary.com,high
https://pubmed.ncbi.nlm.nih.gov/back-pain/article-137,pubmed.ncbi.nlm.nih.gov,high
https://aafp.org/back-pain/article-138,aafp.org,high
https://rheumatology.org/back-pain/article-139,rheumatology.org,high
https://arthritis.org/back-pain/article-140,arthritis.org,high
https://versusarthritis.org/back-pain/article-141,versusarthritis.org,high
https://nhs.uk/back-pain/article-142,nhs.uk,high
https://nia.nih.gov/back-pain/article-143,nia.nih.gov,high
https://mayoclinic.org/back-pain/article-144,mayoclinic.org,high
https://who.int/back-pain/article-145,who.int,high
https://cdc.gov/back-pain/article-146,cdc.gov,high
https://nih.gov/back-pain/article-147,nih.gov,high
https://ninds.nih.gov/back-pain/article-148,ninds.nih.gov,high
https://hopkinsmedicine.org/back-pain/article-149,hopkinsmedicine.org,high
https://clevelandclinic.org/back-pain/article-150,clevelandclinic.org,high
https://stanfordhealthcare.org/back-pain/article-151,stanfordhealthcare.org,high
https://health.harvard.edu/back-pain/article-152,health.harvard.edu,high
https://bmj.com/back-pain/article-153,bmj.com,high
https://cochranelibrary.com/back-pain/article-154,cochranelibrary.com,high
https://pubmed.ncbi.nlm.nih.gov/back-pain/article-155,pubmed.ncbi.nlm.nih.gov,high
https://aafp.org/back-pain/article-156,aafp.org,high
https://rheumatology.org/back-pain/article-157,rheumatology.org,high
https://arthritis.org/back-pain/article-158,arthritis.org,high
https://versusarthritis.org/back-pain/article-159,versusarthritis.org,high
https://nhs.uk/back-pain/article-160,nhs.uk,high
https://nia.nih.gov/back-pain/article-161,nia.nih.gov,high
https://mayoclinic.org/back-pain/article-162,mayoclinic.org,high
https://who.int/back-pain/article-163,who.int,high
https://cdc.gov/back-pain/article-164,cdc.gov,high
https://nih.gov/back-pain/article-165,nih.gov,high
https://ninds.nih.gov/back-pain/article-166,ninds.nih.gov,high
https://hopkinsmedicine.org/back-pain/article-167,hopkinsmedicine.org,high
https://clevelandclinic.org/back-pain/article-168,clevelandclinic.org,high
https://stanfordhealthcare.org/back-pain/article-169,stanfordhealthcare.org,high
https://health.harvard.edu/back-pain/article-170,health.harvard.edu,high
https://bmj.com/back-pain/article-171,bmj.com,high
https://cochranelibrary.com/back-pain/article-172,cochranelibrary.com,high
https://pubmed.ncbi.nlm.nih.gov/back-pain/article-173,pubmed.ncbi.nlm.nih.gov,high
https://aafp.org/back-pain/article-174,aafp.org,high
https://rheumatology.org/back-pain/article-175,rheumatology.org,high
https://arthritis.org/back-pain/article-176,arthritis.org,high
https://versusarthritis.org/back-pain/article-177,versusarthritis.org,high
https://nhs.uk/back-pain/article-178,nhs.uk,high
https://nia.nih.gov/back-pain/article-179,nia.nih.gov,high
https://mayoclinic.org/back-pain/article-180,mayoclinic.org,high
https://who.int/back-pain/article-181,who.int,high
https://cdc.gov/back-pain/article-182,cdc.gov,high
https://nih.gov/back-pain/article-183,nih.gov,high
https://ninds.nih.gov/back-pain/article-184,ninds.nih.gov,high
https://hopkinsmedicine.org/back-pain/article-185,hopkinsmedicine.org,high
https://clevelandclinic.org/back-pain/article-186,clevelandclinic.org,high
https://stanfordhealthcare.org/back-pain/article-187,stanfordhealthcare.org,high
https://health.harvard.edu/back-pain/article-188,health.harvard.edu,high
https://bmj.com/back-pain/article-189,bmj.com,high
https://cochranelibrary.com/back-pain/article-190,cochranelibrary.com,high
https://pubmed.ncbi.nlm.nih.gov/back-pain/article-191,pubmed.ncbi.nlm.nih.gov,high
https://aafp.org/back-pain/article-192,aafp.org,high
https://rheumatology.org/back-pain/article-193,rheumatology.org,high
https://arthritis.org/back-pain/article-194,arthritis.org,high
https://versusarthritis.org/back-pain/article-195,versusarthritis.org,high
https://nhs.uk/back-pain/article-196,nhs.uk,high
https://nia.nih.gov/back-pain/article-197,nia.nih.gov,high
https://mayoclinic.org/back-pain/article-198,mayoclinic.org,high
https://who.int/back-pain/article-199,who.int,high
https://healthline.com/health/back-pain/0,healthline.com,medium
https://webmd.com/health/back-pain/1,webmd.com,medium
https://spine-health.com/health/back-pain/2,spine-health.com,medium
https://everydayhealth.com/health/back-pain/3,everydayhealth.com,medium
https://medicalnewstoday.com/health/back-pain/4,medicalnewstoday.com,medium
https://emedicinehealth.com/health/back-pain/5,emedicinehealth.com,medium
https://medscape.com/health/back-pain/6,medscape.com,medium
https://verywellhealth.com/health/back-pain/7,verywellhealth.com,medium
https://painclinic.org/health/back-pain/8,painclinic.org,medium
https://patient.info/health/back-pain/9,patient.info,medium
https://orthoinfo.aaos.org/health/back-pain/10,orthoinfo.aaos.org,medium
https://betterhealth.vic.gov.au/health/back-pain/11,betterhealth.vic.gov.au,medium
https://healthdirect.gov.au/health/back-pain/12,healthdirect.gov.au,medium
https://uptodate.com/health/back-pain/13,uptodate.com,medium
https://emedicine.medscape.com/health/back-pain/14,emedicine.medscape.com,medium
https://livescience.com/health/back-pain/15,livescience.com,medium
https://timesofindia.indiatimes.com/health/back-pain/16,timesofindia.indiatimes.com,medium
https://news-medical.net/health/back-pain/17,news-medical.net,medium
https://healthline.com/health/back-pain/18,healthline.com,medium
https://webmd.com/health/back-pain/19,webmd.com,medium
https://spine-health.com/health/back-pain/20,spine-health.com,medium
https://everydayhealth.com/health/back-pain/21,everydayhealth.com,medium
https://medicalnewstoday.com/health/back-pain/22,medicalnewstoday.com,medium
https://emedicinehealth.com/health/back-pain/23,emedicinehealth.com,medium
https://medscape.com/health/back-pain/24,medscape.com,medium
https://verywellhealth.com/health/back-pain/25,verywellhealth.com,medium
https://painclinic.org/health/back-pain/26,painclinic.org,medium
https://patient.info/health/back-pain/27,patient.info,medium
https://orthoinfo.aaos.org/health/back-pain/28,orthoinfo.aaos.org,medium
https://betterhealth.vic.gov.au/health/back-pain/29,betterhealth.vic.gov.au,medium
https://healthdirect.gov.au/health/back-pain/30,healthdirect.gov.au,medium
https://uptodate.com/health/back-pain/31,uptodate.com,medium
https://emedicine.medscape.com/health/back-pain/32,emedicine.medscape.com,medium
https://livescience.com/health/back-pain/33,livescience.com,medium
https://timesofindia.indiatimes.com/health/back-pain/34,timesofindia.indiatimes.com,medium
https://news-medical.net/health/back-pain/35,news-medical.net,medium
https://healthline.com/health/back-pain/36,healthline.com,medium
https://webmd.com/health/back-pain/37,webmd.com,medium
https://spine-health.com/health/back-pain/38,spine-health.com,medium
https://everydayhealth.com/health/back-pain/39,everydayhealth.com,medium
https://medicalnewstoday.com/health/back-pain/40,medicalnewstoday.com,medium
https://emedicinehealth.com/health/back-pain/41,emedicinehealth.com,medium
https://medscape.com/health/back-pain/42,medscape.com,medium
https://verywellhealth.com/health/back-pain/43,verywellhealth.com,medium
https://painclinic.org/health/back-pain/44,painclinic.org,medium
https://patient.info/health/back-pain/45,patient.info,medium
https://orthoinfo.aaos.org/health/back-pain/46,orthoinfo.aaos.org,medium
https://betterhealth.vic.gov.au/health/back-pain/47,betterhealth.vic.gov.au,medium
https://healthdirect.gov.au/health/back-pain/48,healthdirect.gov.au,medium
https://uptodate.com/health/back-pain/49,uptodate.com,medium
https://emedicine.medscape.com/health/back-pain/50,emedicine.medscape.com,medium
https://livescience.com/health/back-pain/51,livescience.com,medium
https://timesofindia.indiatimes.com/health/back-pain/52,timesofindia.indiatimes.com,medium
https://news-medical.net/health/back-pain/53,news-medical.net,medium
https://healthline.com/health/back-pain/54,healthline.com,medium
https://webmd.com/health/back-pain/55,webmd.com,medium
https://spine-health.com/health/back-pain/56,spine-health.com,medium
https://everydayhealth.com/health/back-pain/57,everydayhealth.com,medium
https://medicalnewstoday.com/health/back-pain/58,medicalnewstoday.com,medium
https://emedicinehealth.com/health/back-pain/59,emedicinehealth.com,medium
https://medscape.com/health/back-pain/60,medscape.com,medium
https://verywellhealth.com/health/back-pain/61,verywellhealth.com,medium
https://painclinic.org/health/back-pain/62,painclinic.org,medium
https://patient.info/health/back-pain/63,patient.info,medium
https://orthoinfo.aaos.org/health/back-pain/64,orthoinfo.aaos.org,medium
https://betterhealth.vic.gov.au/health/back-pain/65,betterhealth.vic.gov.au,medium
https://healthdirect.gov.au/health/back-pain/66,healthdirect.gov.au,medium
https://uptodate.com/health/back-pain/67,uptodate.com,medium
https://emedicine.medscape.com/health/back-pain/68,emedicine.medscape.com,medium
https://livescience.com/health/back-pain/69,livescience.com,medium
https://timesofindia.indiatimes.com/health/back-pain/70,timesofindia.indiatimes.com,medium
https://news-medical.net/health/back-pain/71,news-medical.net,medium
https://healthline.com/health/back-pain/72,healthline.com,medium
https://webmd.com/health/back-pain/73,webmd.com,medium
https://spine-health.com/health/back-pain/74,spine-health.com,medium
https://everydayhealth.com/health/back-pain/75,everydayhealth.com,medium
https://medicalnewstoday.com/health/back-pain/76,medicalnewstoday.com,medium
https://emedicinehealth.com/health/back-pain/77,emedicinehealth.com,medium
https://medscape.com/health/back-pain/78,medscape.com,medium
https://verywellhealth.com/health/back-pain/79,verywellhealth.com,medium
https://painclinic.org/health/back-pain/80,painclinic.org,medium
https://patient.info/health/back-pain/81,patient.info,medium
https://orthoinfo.aaos.org/health/back-pain/82,orthoinfo.aaos.org,medium
https://betterhealth.vic.gov.au/health/back-pain/83,betterhealth.vic.gov.au,medium
https://healthdirect.gov.au/health/back-pain/84,healthdirect.gov.au,medium
https://uptodate.com/health/back-pain/85,uptodate.com,medium
https://emedicine.medscape.com/health/back-pain/86,emedicine.medscape.com,medium
https://livescience.com/health/back-pain/87,livescience.com,medium
https://timesofindia.indiatimes.com/health/back-pain/88,timesofindia.indiatimes.com,medium
https://news-medical.net/health/back-pain/89,news-medical.net,medium
https://healthline.com/health/back-pain/90,healthline.com,medium
https://webmd.com/health/back-pain/91,webmd.com,medium
https://spine-health.com/health/back-pain/92,spine-health.com,medium
https://everydayhealth.com/health/back-pain/93,everydayhealth.com,medium
https://medicalnewstoday.com/health/back-pain/94,medicalnewstoday.com,medium
https://emedicinehealth.com/health/back-pain/95,emedicinehealth.com,medium
https://medscape.com/health/back-pain/96,medscape.com,medium
https://verywellhealth.com/health/back-pain/97,verywellhealth.com,medium
https://painclinic.org/health/back-pain/98,painclinic.org,medium
https://patient.info/health/back-pain/99,patient.info,medium
https://orthoinfo.aaos.org/health/back-pain/100,orthoinfo.aaos.org,medium
https://betterhealth.vic.gov.au/health/back-pain/101,betterhealth.vic.gov.au,medium
https://healthdirect.gov.au/health/back-pain/102,healthdirect.gov.au,medium
https://uptodate.com/health/back-pain/103,uptodate.com,medium
https://emedicine.medscape.com/health/back-pain/104,emedicine.medscape.com,medium
https://livescience.com/health/back-pain/105,livescience.com,medium
https://timesofindia.indiatimes.com/health/back-pain/106,timesofindia.indiatimes.com,medium
https://news-medical.net/health/back-pain/107,news-medical.net,medium
https://healthline.com/health/back-pain/108,healthline.com,medium
https://webmd.com/health/back-pain/109,webmd.com,medium
https://spine-health.com/health/back-pain/110,spine-health.com,medium
https://everydayhealth.com/health/back-pain/111,everydayhealth.com,medium
https://medicalnewstoday.com/health/back-pain/112,medicalnewstoday.com,medium
https://emedicinehealth.com/health/back-pain/113,emedicinehealth.com,medium
https://medscape.com/health/back-pain/114,medscape.com,medium
https://verywellhealth.com/health/back-pain/115,verywellhealth.com,medium
https://painclinic.org/health/back-pain/116,painclinic.org,medium
https://patient.info/health/back-pain/117,patient.info,medium
https://orthoinfo.aaos.org/health/back-pain/118,orthoinfo.aaos.org,medium
https://betterhealth.vic.gov.au/health/back-pain/119,betterhealth.vic.gov.au,medium
https://healthdirect.gov.au/health/back-pain/120,healthdirect.gov.au,medium
https://uptodate.com/health/back-pain/121,uptodate.com,medium
https://emedicine.medscape.com/health/back-pain/122,emedicine.medscape.com,medium
https://livescience.com/health/back-pain/123,livescience.com,medium
https://timesofindia.indiatimes.com/health/back-pain/124,timesofindia.indiatimes.com,medium
https://news-medical.net/health/back-pain/125,news-medical.net,medium
https://healthline.com/health/back-pain/126,healthline.com,medium
https://webmd.com/health/back-pain/127,webmd.com,medium
https://spine-health.com/health/back-pain/128,spine-health.com,medium
https://everydayhealth.com/health/back-pain/129,everydayhealth.com,medium
https://medicalnewstoday.com/health/back-pain/130,medicalnewstoday.com,medium
https://emedicinehealth.com/health/back-pain/131,emedicinehealth.com,medium
https://medscape.com/health/back-pain/132,medscape.com,medium
https://verywellhealth.com/health/back-pain/133,verywellhealth.com,medium
https://painclinic.org/health/back-pain/134,painclinic.org,medium
https://patient.info/health/back-pain/135,patient.info,medium
https://orthoinfo.aaos.org/health/back-pain/136,orthoinfo.aaos.org,medium
https://betterhealth.vic.gov.au/health/back-pain/137,betterhealth.vic.gov.au,medium
https://healthdirect.gov.au/health/back-pain/138,healthdirect.gov.au,medium
https://uptodate.com/health/back-pain/139,uptodate.com,medium
https://emedicine.medscape.com/health/back-pain/140,emedicine.medscape.com,medium
https://livescience.com/health/back-pain/141,livescience.com,medium
https://timesofindia.indiatimes.com/health/back-pain/142,timesofindia.indiatimes.com,medium
https://news-medical.net/health/back-pain/143,news-medical.net,medium
https://healthline.com/health/back-pain/144,healthline.com,medium
https://webmd.com/health/back-pain/145,webmd.com,medium
https://spine-health.com/health/back-pain/146,spine-health.com,medium
https://everydayhealth.com/health/back-pain/147,everydayhealth.com,medium
https://medicalnewstoday.com/health/back-pain/148,medicalnewstoday.com,medium
https://emedicinehealth.com/health/back-pain/149,emedicinehealth.com,medium
https://medscape.com/health/back-pain/150,medscape.com,medium
https://verywellhealth.com/health/back-pain/151,verywellhealth.com,medium
https://painclinic.org/health/back-pain/152,painclinic.org,medium
https://patient.info/health/back-pain/153,patient.info,medium
https://orthoinfo.aaos.org/health/back-pain/154,orthoinfo.aaos.org,medium
https://betterhealth.vic.gov.au/health/back-pain/155,betterhealth.vic.gov.au,medium
https://healthdirect.gov.au/health/back-pain/156,healthdirect.gov.au,medium
https://uptodate.com/health/back-pain/157,uptodate.com,medium
https://emedicine.medscape.com/health/back-pain/158,emedicine.medscape.com,medium
https://livescience.com/health/back-pain/159,livescience.com,medium
https://timesofindia.indiatimes.com/health/back-pain/160,timesofindia.indiatimes.com,medium
https://news-medical.net/health/back-pain/161,news-medical.net,medium
https://healthline.com/health/back-pain/162,healthline.com,medium
https://webmd.com/health/back-pain/163,webmd.com,medium
https://spine-health.com/health/back-pain/164,spine-health.com,medium
https://everydayhealth.com/health/back-pain/165,everydayhealth.com,medium
https://medicalnewstoday.com/health/back-pain/166,medicalnewstoday.com,medium
https://emedicinehealth.com/health/back-pain/167,emedicinehealth.com,medium
https://medscape.com/health/back-pain/168,medscape.com,medium
https://verywellhealth.com/health/back-pain/169,verywellhealth.com,medium
https://painclinic.org/health/back-pain/170,painclinic.org,medium
https://patient.info/health/back-pain/171,patient.info,medium
https://orthoinfo.aaos.org/health/back-pain/172,orthoinfo.aaos.org,medium
https://betterhealth.vic.gov.au/health/back-pain/173,betterhealth.vic.gov.au,medium
https://healthdirect.gov.au/health/back-pain/174,healthdirect.gov.au,medium
https://uptodate.com/health/back-pain/175,uptodate.com,medium
https://emedicine.medscape.com/health/back-pain/176,emedicine.medscape.com,medium
https://livescience.com/health/back-pain/177,livescience.com,medium
https://timesofindia.indiatimes.com/health/back-pain/178,timesofindia.indiatimes.com,medium
https://news-medical.net/health/back-pain/179,news-medical.net,medium
https://healthline.com/health/back-pain/180,healthline.com,medium
https://webmd.com/health/back-pain/181,webmd.com,medium
https://spine-health.com/health/back-pain/182,spine-health.com,medium
https://everydayhealth.com/health/back-pain/183,everydayhealth.com,medium
https://medicalnewstoday.com/health/back-pain/184,medicalnewstoday.com,medium
https://emedicinehealth.com/health/back-pain/185,emedicinehealth.com,medium
https://medscape.com/health/back-pain/186,medscape.com,medium
https://verywellhealth.com/health/back-pain/187,verywellhealth.com,medium
https://painclinic.org/health/back-pain/188,painclinic.org,medium
https://patient.info/health/back-pain/189,patient.info,medium
https://orthoinfo.aaos.org/health/back-pain/190,orthoinfo.aaos.org,medium
https://betterhealth.vic.gov.au/health/back-pain/191,betterhealth.vic.gov.au,medium
https://healthdirect.gov.au/health/back-pain/192,healthdirect.gov.au,medium
https://uptodate.com/health/back-pain/193,uptodate.com,medium
https://emedicine.medscape.com/health/back-pain/194,emedicine.medscape.com,medium
https://livescience.com/health/back-pain/195,livescience.com,medium
https://timesofindia.indiatimes.com/health/back-pain/196,timesofindia.indiatimes.com,medium
https://news-medical.net/health/back-pain/197,news-medical.net,medium
https://healthline.com/health/back-pain/198,healthline.com,medium
https://webmd.com/health/back-pain/199,webmd.com,medium
https://spine-health.com/health/back-pain/200,spine-health.com,medium
https://everydayhealth.com/health/back-pain/201,everydayhealth.com,medium
https://medicalnewstoday.com/health/back-pain/202,medicalnewstoday.com,medium
https://emedicinehealth.com/health/back-pain/203,emedicinehealth.com,medium
https://medscape.com/health/back-pain/204,medscape.com,medium
https://verywellhealth.com/health/back-pain/205,verywellhealth.com,medium
https://painclinic.org/health/back-pain/206,painclinic.org,medium
https://patient.info/health/back-pain/207,patient.info,medium
https://orthoinfo.aaos.org/health/back-pain/208,orthoinfo.aaos.org,medium
https://betterhealth.vic.gov.au/health/back-pain/209,betterhealth.vic.gov.au,medium
https://healthdirect.gov.au/health/back-pain/210,healthdirect.gov.au,medium
https://uptodate.com/health/back-pain/211,uptodate.com,medium
https://emedicine.medscape.com/health/back-pain/212,emedicine.medscape.com,medium
https://livescience.com/health/back-pain/213,livescience.com,medium
https://timesofindia.indiatimes.com/health/back-pain/214,timesofindia.indiatimes.com,medium
https://news-medical.net/health/back-pain/215,news-medical.net,medium
https://healthline.com/health/back-pain/216,healthline.com,medium
https://webmd.com/health/back-pain/217,webmd.com,medium
https://spine-health.com/health/back-pain/218,spine-health.com,medium
https://everydayhealth.com/health/back-pain/219,everydayhealth.com,medium
https://medicalnewstoday.com/health/back-pain/220,medicalnewstoday.com,medium
https://emedicinehealth.com/health/back-pain/221,emedicinehealth.com,medium
https://medscape.com/health/back-pain/222,medscape.com,medium
https://verywellhealth.com/health/back-pain/223,verywellhealth.com,medium
https://painclinic.org/health/back-pain/224,painclinic.org,medium
https://patient.info/health/back-pain/225,patient.info,medium
https://orthoinfo.aaos.org/health/back-pain/226,orthoinfo.aaos.org,medium
https://betterhealth.vic.gov.au/health/back-pain/227,betterhealth.vic.gov.au,medium
https://healthdirect.gov.au/health/back-pain/228,healthdirect.gov.au,medium
https://uptodate.com/health/back-pain/229,uptodate.com,medium
https://emedicine.medscape.com/health/back-pain/230,emedicine.medscape.com,medium
https://livescience.com/health/back-pain/231,livescience.com,medium
https://timesofindia.indiatimes.com/health/back-pain/232,timesofindia.indiatimes.com,medium
https://news-medical.net/health/back-pain/233,news-medical.net,medium
https://healthline.com/health/back-pain/234,healthline.com,medium
https://webmd.com/health/back-pain/235,webmd.com,medium
https://spine-health.com/health/back-pain/236,spine-health.com,medium
https://everydayhealth.com/health/back-pain/237,everydayhealth.com,medium
https://medicalnewstoday.com/health/back-pain/238,medicalnewstoday.com,medium
https://emedicinehealth.com/health/back-pain/239,emedicinehealth.com,medium
https://medscape.com/health/back-pain/240,medscape.com,medium
https://verywellhealth.com/health/back-pain/241,verywellhealth.com,medium
https://painclinic.org/health/back-pain/242,painclinic.org,medium
https://patient.info/health/back-pain/243,patient.info,medium
https://orthoinfo.aaos.org/health/back-pain/244,orthoinfo.aaos.org,medium
https://betterhealth.vic.gov.au/health/back-pain/245,betterhealth.vic.gov.au,medium
https://healthdirect.gov.au/health/back-pain/246,healthdirect.gov.au,medium
https://uptodate.com/health/back-pain/247,uptodate.com,medium
https://emedicine.medscape.com/health/back-pain/248,emedicine.medscape.com,medium
https://livescience.com/health/back-pain/249,livescience.com,medium
https://timesofindia.indiatimes.com/health/back-pain/250,timesofindia.indiatimes.com,medium
https://news-medical.net/health/back-pain/251,news-medical.net,medium
https://healthline.com/health/back-pain/252,healthline.com,medium
https://webmd.com/health/back-pain/253,webmd.com,medium
https://spine-health.com/health/back-pain/254,spine-health.com,medium
https://everydayhealth.com/health/back-pain/255,everydayhealth.com,medium
https://medicalnewstoday.com/health/back-pain/256,medicalnewstoday.com,medium
https://emedicinehealth.com/health/back-pain/257,emedicinehealth.com,medium
https://medscape.com/health/back-pain/258,medscape.com,medium
https://verywellhealth.com/health/back-pain/259,verywellhealth.com,medium
https://painclinic.org/health/back-pain/260,painclinic.org,medium
https://patient.info/health/back-pain/261,patient.info,medium
https://orthoinfo.aaos.org/health/back-pain/262,orthoinfo.aaos.org,medium
https://betterhealth.vic.gov.au/health/back-pain/263,betterhealth.vic.gov.au,medium
https://healthdirect.gov.au/health/back-pain/264,healthdirect.gov.au,medium
https://uptodate.com/health/back-pain/265,uptodate.com,medium
https://emedicine.medscape.com/health/back-pain/266,emedicine.medscape.com,medium
https://livescience.com/health/back-pain/267,livescience.com,medium
https://timesofindia.indiatimes.com/health/back-pain/268,timesofindia.indiatimes.com,medium
https://news-medical.net/health/back-pain/269,news-medical.net,medium
https://healthline.com/health/back-pain/270,healthline.com,medium
https://webmd.com/health/back-pain/271,webmd.com,medium
https://spine-health.com/health/back-pain/272,spine-health.com,medium
https://everydayhealth.com/health/back-pain/273,everydayhealth.com,medium
https://medicalnewstoday.com/health/back-pain/274,medicalnewstoday.com,medium
https://emedicinehealth.com/health/back-pain/275,emedicinehealth.com,medium
https://medscape.com/health/back-pain/276,medscape.com,medium
https://verywellhealth.com/health/back-pain/277,verywellhealth.com,medium
https://painclinic.org/health/back-pain/278,painclinic.org,medium
https://patient.info/health/back-pain/279,patient.info,medium
https://orthoinfo.aaos.org/health/back-pain/280,orthoinfo.aaos.org,medium
https://betterhealth.vic.gov.au/health/back-pain/281,betterhealth.vic.gov.au,medium
https://healthdirect.gov.au/health/back-pain/282,healthdirect.gov.au,medium
https://uptodate.com/health/back-pain/283,uptodate.com,medium
https://emedicine.medscape.com/health/back-pain/284,emedicine.medscape.com,medium
https://livescience.com/health/back-pain/285,livescience.com,medium
https://timesofindia.indiatimes.com/health/back-pain/286,timesofindia.indiatimes.com,medium
https://news-medical.net/health/back-pain/287,news-medical.net,medium
https://healthline.com/health/back-pain/288,healthline.com,medium
https://webmd.com/health/back-pain/289,webmd.com,medium
https://spine-health.com/health/back-pain/290,spine-health.com,medium
https://everydayhealth.com/health/back-pain/291,everydayhealth.com,medium
https://medicalnewstoday.com/health/back-pain/292,medicalnewstoday.com,medium
https://emedicinehealth.com/health/back-pain/293,emedicinehealth.com,medium
https://medscape.com/health/back-pain/294,medscape.com,medium
https://verywellhealth.com/health/back-pain/295,verywellhealth.com,medium
https://painclinic.org/health/back-pain/296,painclinic.org,medium
https://patient.info/health/back-pain/297,patient.info,medium
https://orthoinfo.aaos.org/health/back-pain/298,orthoinfo.aaos.org,medium
https://betterhealth.vic.gov.au/health/back-pain/299,betterhealth.vic.gov.au,medium
https://healthdirect.gov.au/health/back-pain/300,healthdirect.gov.au,medium
https://uptodate.com/health/back-pain/301,uptodate.com,medium
https://emedicine.medscape.com/health/back-pain/302,emedicine.medscape.com,medium
https://livescience.com/health/back-pain/303,livescience.com,medium
https://timesofindia.indiatimes.com/health/back-pain/304,timesofindia.indiatimes.com,medium
https://news-medical.net/health/back-pain/305,news-medical.net,medium
https://healthline.com/health/back-pain/306,healthline.com,medium
https://webmd.com/health/back-pain/307,webmd.com,medium
https://spine-health.com/health/back-pain/308,spine-health.com,medium
https://everydayhealth.com/health/back-pain/309,everydayhealth.com,medium
https://medicalnewstoday.com/health/back-pain/310,medicalnewstoday.com,medium
https://emedicinehealth.com/health/back-pain/311,emedicinehealth.com,medium
https://medscape.com/health/back-pain/312,medscape.com,medium
https://verywellhealth.com/health/back-pain/313,verywellhealth.com,medium
https://painclinic.org/health/back-pain/314,painclinic.org,medium
https://patient.info/health/back-pain/315,patient.info,medium
https://orthoinfo.aaos.org/health/back-pain/316,orthoinfo.aaos.org,medium
https://betterhealth.vic.gov.au/health/back-pain/317,betterhealth.vic.gov.au,medium
https://healthdirect.gov.au/health/back-pain/318,healthdirect.gov.au,medium
https://uptodate.com/health/back-pain/319,uptodate.com,medium
https://emedicine.medscape.com/health/back-pain/320,emedicine.medscape.com,medium
https://livescience.com/health/back-pain/321,livescience.com,medium
https://timesofindia.indiatimes.com/health/back-pain/322,timesofindia.indiatimes.com,medium
https://news-medical.net/health/back-pain/323,news-medical.net,medium
https://healthline.com/health/back-pain/324,healthline.com,medium
https://webmd.com/health/back-pain/325,webmd.com,medium
https://spine-health.com/health/back-pain/326,spine-health.com,medium
https://everydayhealth.com/health/back-pain/327,everydayhealth.com,medium
https://medicalnewstoday.com/health/back-pain/328,medicalnewstoday.com,medium
https://emedicinehealth.com/health/back-pain/329,emedicinehealth.com,medium
https://medscape.com/health/back-pain/330,medscape.com,medium
https://verywellhealth.com/health/back-pain/331,verywellhealth.com,medium
https://painclinic.org/health/back-pain/332,painclinic.org,medium
https://patient.info/health/back-pain/333,patient.info,medium
https://orthoinfo.aaos.org/health/back-pain/334,orthoinfo.aaos.org,medium
https://betterhealth.vic.gov.au/health/back-pain/335,betterhealth.vic.gov.au,medium
https://healthdirect.gov.au/health/back-pain/336,healthdirect.gov.au,medium
https://uptodate.com/health/back-pain/337,uptodate.com,medium
https://emedicine.medscape.com/health/back-pain/338,emedicine.medscape.com,medium
https://livescience.com/health/back-pain/339,livescience.com,medium
https://timesofindia.indiatimes.com/health/back-pain/340,timesofindia.indiatimes.com,medium
https://news-medical.net/health/back-pain/341,news-medical.net,medium
https://healthline.com/health/back-pain/342,healthline.com,medium
https://webmd.com/health/back-pain/343,webmd.com,medium
https://spine-health.com/health/back-pain/344,spine-health.com,medium
https://everydayhealth.com/health/back-pain/345,everydayhealth.com,medium
https://medicalnewstoday.com/health/back-pain/346,medicalnewstoday.com,medium
https://emedicinehealth.com/health/back-pain/347,emedicinehealth.com,medium
https://medscape.com/health/back-pain/348,medscape.com,medium
https://verywellhealth.com/health/back-pain/349,verywellhealth.com,medium
https://painclinic.org/health/back-pain/350,painclinic.org,medium
https://patient.info/health/back-pain/351,patient.info,medium
https://orthoinfo.aaos.org/health/back-pain/352,orthoinfo.aaos.org,medium
https://betterhealth.vic.gov.au/health/back-pain/353,betterhealth.vic.gov.au,medium
https://healthdirect.gov.au/health/back-pain/354,healthdirect.gov.au,medium
https://uptodate.com/health/back-pain/355,uptodate.com,medium
https://emedicine.medscape.com/health/back-pain/356,emedicine.medscape.com,medium
https://livescience.com/health/back-pain/357,livescience.com,medium
https://timesofindia.indiatimes.com/health/back-pain/358,timesofindia.indiatimes.com,medium
https://news-medical.net/health/back-pain/359,news-medical.net,medium
https://healthline.com/health/back-pain/360,healthline.com,medium
https://webmd.com/health/back-pain/361,webmd.com,medium
https://spine-health.com/health/back-pain/362,spine-health.com,medium
https://everydayhealth.com/health/back-pain/363,everydayhealth.com,medium
https://medicalnewstoday.com/health/back-pain/364,medicalnewstoday.com,medium
https://emedicinehealth.com/health/back-pain/365,emedicinehealth.com,medium
https://medscape.com/health/back-pain/366,medscape.com,medium
https://verywellhealth.com/health/back-pain/367,verywellhealth.com,medium
https://painclinic.org/health/back-pain/368,painclinic.org,medium
https://patient.info/health/back-pain/369,patient.info,medium
https://orthoinfo.aaos.org/health/back-pain/370,orthoinfo.aaos.org,medium
https://betterhealth.vic.gov.au/health/back-pain/371,betterhealth.vic.gov.au,medium
https://healthdirect.gov.au/health/back-pain/372,healthdirect.gov.au,medium
https://uptodate.com/health/back-pain/373,uptodate.com,medium
https://emedicine.medscape.com/health/back-pain/374,emedicine.medscape.com,medium
https://livescience.com/health/back-pain/375,livescience.com,medium
https://timesofindia.indiatimes.com/health/back-pain/376,timesofindia.indiatimes.com,medium
https://news-medical.net/health/back-pain/377,news-medical.net,medium
https://healthline.com/health/back-pain/378,healthline.com,medium
https://webmd.com/health/back-pain/379,webmd.com,medium
https://spine-health.com/health/back-pain/380,spine-health.com,medium
https://everydayhealth.com/health/back-pain/381,everydayhealth.com,medium
https://medicalnewstoday.com/health/back-pain/382,medicalnewstoday.com,medium
https://emedicinehealth.com/health/back-pain/383,emedicinehealth.com,medium
https://medscape.com/health/back-pain/384,medscape.com,medium
https://verywellhealth.com/health/back-pain/385,verywellhealth.com,medium
https://painclinic.org/health/back-pain/386,painclinic.org,medium
https://patient.info/health/back-pain/387,patient.info,medium
https://orthoinfo.aaos.org/health/back-pain/388,orthoinfo.aaos.org,medium
https://betterhealth.vic.gov.au/health/back-pain/389,betterhealth.vic.gov.au,medium
https://healthdirect.gov.au/health/back-pain/390,healthdirect.gov.au,medium
https://uptodate.com/health/back-pain/391,uptodate.com,medium
https://emedicine.medscape.com/health/back-pain/392,emedicine.medscape.com,medium
https://livescience.com/health/back-pain/393,livescience.com,medium
https://timesofindia.indiatimes.com/health/back-pain/394,timesofindia.indiatimes.com,medium
https://news-medical.net/health/back-pain/395,news-medical.net,medium
https://healthline.com/health/back-pain/396,healthline.com,medium
https://webmd.com/health/back-pain/397,webmd.com,medium
https://spine-health.com/health/back-pain/398,spine-health.com,medium
https://everydayhealth.com/health/back-pain/399,everydayhealth.com,medium
https://reddit.com/r/backpain/post-about-back-pain-0,reddit.com/r/backpain,low
https://reddit.com/r/ChronicPain/post-about-back-pain-1,reddit.com/r/ChronicPain,low
https://quora.com/post-about-back-pain-2,quora.com,low
https://healingwell.com/post-about-back-pain-3,healingwell.com,low
https://patientslikeme.com/post-about-back-pain-4,patientslikeme.com,low
https://spineuniverse.com/forum/post-about-back-pain-5,spineuniverse.com/forum,low
https://chirobase.org/post-about-back-pain-6,chirobase.org,low
https://naturalhealthblogs.com/post-about-back-pain-7,naturalhealthblogs.com,low
https://altmedicinezone.com/post-about-back-pain-8,altmedicinezone.com,low
https://holisticwellnesscenter.com/post-about-back-pain-9,holisticwellnesscenter.com,low
https://blogspot.com/backpain/post-about-back-pain-10,blogspot.com/backpain,low
https://wordpress.com/backpain/post-about-back-pain-11,wordpress.com/backpain,low
https://medium.com/tag/back-pain/post-about-back-pain-12,medium.com/tag/back-pain,low
https://mindbodygreen.com/post-about-back-pain-13,mindbodygreen.com,low
https://draxe.com/post-about-back-pain-14,draxe.com,low
https://mercola.com/post-about-back-pain-15,mercola.com,low
https://veryspiritualhealing.net/post-about-back-pain-16,veryspiritualhealing.net,low
https://backpainreliefblog.net/post-about-back-pain-17,backpainreliefblog.net,low
https://reddit.com/r/backpain/post-about-back-pain-18,reddit.com/r/backpain,low
https://reddit.com/r/ChronicPain/post-about-back-pain-19,reddit.com/r/ChronicPain,low
https://quora.com/post-about-back-pain-20,quora.com,low
https://healingwell.com/post-about-back-pain-21,healingwell.com,low
https://patientslikeme.com/post-about-back-pain-22,patientslikeme.com,low
https://spineuniverse.com/forum/post-about-back-pain-23,spineuniverse.com/forum,low
https://chirobase.org/post-about-back-pain-24,chirobase.org,low
https://naturalhealthblogs.com/post-about-back-pain-25,naturalhealthblogs.com,low
https://altmedicinezone.com/post-about-back-pain-26,altmedicinezone.com,low
https://holisticwellnesscenter.com/post-about-back-pain-27,holisticwellnesscenter.com,low
https://blogspot.com/backpain/post-about-back-pain-28,blogspot.com/backpain,low
https://wordpress.com/backpain/post-about-back-pain-29,wordpress.com/backpain,low
https://medium.com/tag/back-pain/post-about-back-pain-30,medium.com/tag/back-pain,low
https://mindbodygreen.com/post-about-back-pain-31,mindbodygreen.com,low
https://draxe.com/post-about-back-pain-32,draxe.com,low
https://mercola.com/post-about-back-pain-33,mercola.com,low
https://veryspiritualhealing.net/post-about-back-pain-34,veryspiritualhealing.net,low
https://backpainreliefblog.net/post-about-back-pain-35,backpainreliefblog.net,low
https://reddit.com/r/backpain/post-about-back-pain-36,reddit.com/r/backpain,low
https://reddit.com/r/ChronicPain/post-about-back-pain-37,reddit.com/r/ChronicPain,low
https://quora.com/post-about-back-pain-38,quora.com,low
https://healingwell.com/post-about-back-pain-39,healingwell.com,low
https://patientslikeme.com/post-about-back-pain-40,patientslikeme.com,low
https://spineuniverse.com/forum/post-about-back-pain-41,spineuniverse.com/forum,low
https://chirobase.org/post-about-back-pain-42,chirobase.org,low
https://naturalhealthblogs.com/post-about-back-pain-43,naturalhealthblogs.com,low
https://altmedicinezone.com/post-about-back-pain-44,altmedicinezone.com,low
https://holisticwellnesscenter.com/post-about-back-pain-45,holisticwellnesscenter.com,low
https://blogspot.com/backpain/post-about-back-pain-46,blogspot.com/backpain,low
https://wordpress.com/backpain/post-about-back-pain-47,wordpress.com/backpain,low
https://medium.com/tag/back-pain/post-about-back-pain-48,medium.com/tag/back-pain,low
https://mindbodygreen.com/post-about-back-pain-49,mindbodygreen.com,low
https://draxe.com/post-about-back-pain-50,draxe.com,low
https://mercola.com/post-about-back-pain-51,mercola.com,low
https://veryspiritualhealing.net/post-about-back-pain-52,veryspiritualhealing.net,low
https://backpainreliefblog.net/post-about-back-pain-53,backpainreliefblog.net,low
https://reddit.com/r/backpain/post-about-back-pain-54,reddit.com/r/backpain,low
https://reddit.com/r/ChronicPain/post-about-back-pain-55,reddit.com/r/ChronicPain,low
https://quora.com/post-about-back-pain-56,quora.com,low
https://healingwell.com/post-about-back-pain-57,healingwell.com,low
https://patientslikeme.com/post-about-back-pain-58,patientslikeme.com,low
https://spineuniverse.com/forum/post-about-back-pain-59,spineuniverse.com/forum,low
https://chirobase.org/post-about-back-pain-60,chirobase.org,low
https://naturalhealthblogs.com/post-about-back-pain-61,naturalhealthblogs.com,low
https://altmedicinezone.com/post-about-back-pain-62,altmedicinezone.com,low
https://holisticwellnesscenter.com/post-about-back-pain-63,holisticwellnesscenter.com,low
https://blogspot.com/backpain/post-about-back-pain-64,blogspot.com/backpain,low
https://wordpress.com/backpain/post-about-back-pain-65,wordpress.com/backpain,low
https://medium.com/tag/back-pain/post-about-back-pain-66,medium.com/tag/back-pain,low
https://mindbodygreen.com/post-about-back-pain-67,mindbodygreen.com,low
https://draxe.com/post-about-back-pain-68,draxe.com,low
https://mercola.com/post-about-back-pain-69,mercola.com,low
https://veryspiritualhealing.net/post-about-back-pain-70,veryspiritualhealing.net,low
https://backpainreliefblog.net/post-about-back-pain-71,backpainreliefblog.net,low
https://reddit.com/r/backpain/post-about-back-pain-72,reddit.com/r/backpain,low
https://reddit.com/r/ChronicPain/post-about-back-pain-73,reddit.com/r/ChronicPain,low
https://quora.com/post-about-back-pain-74,quora.com,low
https://healingwell.com/post-about-back-pain-75,healingwell.com,low
https://patientslikeme.com/post-about-back-pain-76,patientslikeme.com,low
https://spineuniverse.com/forum/post-about-back-pain-77,spineuniverse.com/forum,low
https://chirobase.org/post-about-back-pain-78,chirobase.org,low
https://naturalhealthblogs.com/post-about-back-pain-79,naturalhealthblogs.com,low
https://altmedicinezone.com/post-about-back-pain-80,altmedicinezone.com,low
https://holisticwellnesscenter.com/post-about-back-pain-81,holisticwellnesscenter.com,low
https://blogspot.com/backpain/post-about-back-pain-82,blogspot.com/backpain,low
https://wordpress.com/backpain/post-about-back-pain-83,wordpress.com/backpain,low
https://medium.com/tag/back-pain/post-about-back-pain-84,medium.com/tag/back-pain,low
https://mindbodygreen.com/post-about-back-pain-85,mindbodygreen.com,low
https://draxe.com/post-about-back-pain-86,draxe.com,low
https://mercola.com/post-about-back-pain-87,mercola.com,low
https://veryspiritualhealing.net/post-about-back-pain-88,veryspiritualhealing.net,low
https://backpainreliefblog.net/post-about-back-pain-89,backpainreliefblog.net,low
https://reddit.com/r/backpain/post-about-back-pain-90,reddit.com/r/backpain,low
https://reddit.com/r/ChronicPain/post-about-back-pain-91,reddit.com/r/ChronicPain,low
https://quora.com/post-about-back-pain-92,quora.com,low
https://healingwell.com/post-about-back-pain-93,healingwell.com,low
https://patientslikeme.com/post-about-back-pain-94,patientslikeme.com,low
https://spineuniverse.com/forum/post-about-back-pain-95,spineuniverse.com/forum,low
https://chirobase.org/post-about-back-pain-96,chirobase.org,low
https://naturalhealthblogs.com/post-about-back-pain-97,naturalhealthblogs.com,low
https://altmedicinezone.com/post-about-back-pain-98,altmedicinezone.com,low
https://holisticwellnesscenter.com/post-about-back-pain-99,holisticwellnesscenter.com,low
https://blogspot.com/backpain/post-about-back-pain-100,blogspot.com/backpain,low
https://wordpress.com/backpain/post-about-back-pain-101,wordpress.com/backpain,low
https://medium.com/tag/back-pain/post-about-back-pain-102,medium.com/tag/back-pain,low
https://mindbodygreen.com/post-about-back-pain-103,mindbodygreen.com,low
https://draxe.com/post-about-back-pain-104,draxe.com,low
https://mercola.com/post-about-back-pain-105,mercola.com,low
https://veryspiritualhealing.net/post-about-back-pain-106,veryspiritualhealing.net,low
https://backpainreliefblog.net/post-about-back-pain-107,backpainreliefblog.net,low
https://reddit.com/r/backpain/post-about-back-pain-108,reddit.com/r/backpain,low
https://reddit.com/r/ChronicPain/post-about-back-pain-109,reddit.com/r/ChronicPain,low
https://quora.com/post-about-back-pain-110,quora.com,low
https://healingwell.com/post-about-back-pain-111,healingwell.com,low
https://patientslikeme.com/post-about-back-pain-112,patientslikeme.com,low
https://spineuniverse.com/forum/post-about-back-pain-113,spineuniverse.com/forum,low
https://chirobase.org/post-about-back-pain-114,chirobase.org,low
https://naturalhealthblogs.com/post-about-back-pain-115,naturalhealthblogs.com,low
https://altmedicinezone.com/post-about-back-pain-116,altmedicinezone.com,low
https://holisticwellnesscenter.com/post-about-back-pain-117,holisticwellnesscenter.com,low
https://blogspot.com/backpain/post-about-back-pain-118,blogspot.com/backpain,low
https://wordpress.com/backpain/post-about-back-pain-119,wordpress.com/backpain,low
https://medium.com/tag/back-pain/post-about-back-pain-120,medium.com/tag/back-pain,low
https://mindbodygreen.com/post-about-back-pain-121,mindbodygreen.com,low
https://draxe.com/post-about-back-pain-122,draxe.com,low
https://mercola.com/post-about-back-pain-123,mercola.com,low
https://veryspiritualhealing.net/post-about-back-pain-124,veryspiritualhealing.net,low
https://backpainreliefblog.net/post-about-back-pain-125,backpainreliefblog.net,low
https://reddit.com/r/backpain/post-about-back-pain-126,reddit.com/r/backpain,low
https://reddit.com/r/ChronicPain/post-about-back-pain-127,reddit.com/r/ChronicPain,low
https://quora.com/post-about-back-pain-128,quora.com,low
https://healingwell.com/post-about-back-pain-129,healingwell.com,low
https://patientslikeme.com/post-about-back-pain-130,patientslikeme.com,low
https://spineuniverse.com/forum/post-about-back-pain-131,spineuniverse.com/forum,low
https://chirobase.org/post-about-back-pain-132,chirobase.org,low
https://naturalhealthblogs.com/post-about-back-pain-133,naturalhealthblogs.com,low
https://altmedicinezone.com/post-about-back-pain-134,altmedicinezone.com,low
https://holisticwellnesscenter.com/post-about-back-pain-135,holisticwellnesscenter.com,low
https://blogspot.com/backpain/post-about-back-pain-136,blogspot.com/backpain,low
https://wordpress.com/backpain/post-about-back-pain-137,wordpress.com/backpain,low
https://medium.com/tag/back-pain/post-about-back-pain-138,medium.com/tag/back-pain,low
https://mindbodygreen.com/post-about-back-pain-139,mindbodygreen.com,low
https://draxe.com/post-about-back-pain-140,draxe.com,low
https://mercola.com/post-about-back-pain-141,mercola.com,low
https://veryspiritualhealing.net/post-about-back-pain-142,veryspiritualhealing.net,low
https://backpainreliefblog.net/post-about-back-pain-143,backpainreliefblog.net,low
https://reddit.com/r/backpain/post-about-back-pain-144,reddit.com/r/backpain,low
https://reddit.com/r/ChronicPain/post-about-back-pain-145,reddit.com/r/ChronicPain,low
https://quora.com/post-about-back-pain-146,quora.com,low
https://healingwell.com/post-about-back-pain-147,healingwell.com,low
https://patientslikeme.com/post-about-back-pain-148,patientslikeme.com,low
https://spineuniverse.com/forum/post-about-back-pain-149,spineuniverse.com/forum,low
https://chirobase.org/post-about-back-pain-150,chirobase.org,low
https://naturalhealthblogs.com/post-about-back-pain-151,naturalhealthblogs.com,low
https://altmedicinezone.com/post-about-back-pain-152,altmedicinezone.com,low
https://holisticwellnesscenter.com/post-about-back-pain-153,holisticwellnesscenter.com,low
https://blogspot.com/backpain/post-about-back-pain-154,blogspot.com/backpain,low
https://wordpress.com/backpain/post-about-back-pain-155,wordpress.com/backpain,low
https://medium.com/tag/back-pain/post-about-back-pain-156,medium.com/tag/back-pain,low
https://mindbodygreen.com/post-about-back-pain-157,mindbodygreen.com,low
https://draxe.com/post-about-back-pain-158,draxe.com,low
https://mercola.com/post-about-back-pain-159,mercola.com,low
https://veryspiritualhealing.net/post-about-back-pain-160,veryspiritualhealing.net,low
https://backpainreliefblog.net/post-about-back-pain-161,backpainreliefblog.net,low
https://reddit.com/r/backpain/post-about-back-pain-162,reddit.com/r/backpain,low
https://reddit.com/r/ChronicPain/post-about-back-pain-163,reddit.com/r/ChronicPain,low
https://quora.com/post-about-back-pain-164,quora.com,low
https://healingwell.com/post-about-back-pain-165,healingwell.com,low
https://patientslikeme.com/post-about-back-pain-166,patientslikeme.com,low
https://spineuniverse.com/forum/post-about-back-pain-167,spineuniverse.com/forum,low
https://chirobase.org/post-about-back-pain-168,chirobase.org,low
https://naturalhealthblogs.com/post-about-back-pain-169,naturalhealthblogs.com,low
https://altmedicinezone.com/post-about-back-pain-170,altmedicinezone.com,low
https://holisticwellnesscenter.com/post-about-back-pain-171,holisticwellnesscenter.com,low
https://blogspot.com/backpain/post-about-back-pain-172,blogspot.com/backpain,low
https://wordpress.com/backpain/post-about-back-pain-173,wordpress.com/backpain,low
https://medium.com/tag/back-pain/post-about-back-pain-174,medium.com/tag/back-pain,low
https://mindbodygreen.com/post-about-back-pain-175,mindbodygreen.com,low
https://draxe.com/post-about-back-pain-176,draxe.com,low
https://mercola.com/post-about-back-pain-177,mercola.com,low
https://veryspiritualhealing.net/post-about-back-pain-178,veryspiritualhealing.net,low
https://backpainreliefblog.net/post-about-back-pain-179,backpainreliefblog.net,low
https://reddit.com/r/backpain/post-about-back-pain-180,reddit.com/r/backpain,low
https://reddit.com/r/ChronicPain/post-about-back-pain-181,reddit.com/r/ChronicPain,low
https://quora.com/post-about-back-pain-182,quora.com,low
https://healingwell.com/post-about-back-pain-183,healingwell.com,low
https://patientslikeme.com/post-about-back-pain-184,patientslikeme.com,low
https://spineuniverse.com/forum/post-about-back-pain-185,spineuniverse.com/forum,low
https://chirobase.org/post-about-back-pain-186,chirobase.org,low
https://naturalhealthblogs.com/post-about-back-pain-187,naturalhealthblogs.com,low
https://altmedicinezone.com/post-about-back-pain-188,altmedicinezone.com,low
https://holisticwellnesscenter.com/post-about-back-pain-189,holisticwellnesscenter.com,low
https://blogspot.com/backpain/post-about-back-pain-190,blogspot.com/backpain,low
https://wordpress.com/backpain/post-about-back-pain-191,wordpress.com/backpain,low
https://medium.com/tag/back-pain/post-about-back-pain-192,medium.com/tag/back-pain,low
https://mindbodygreen.com/post-about-back-pain-193,mindbodygreen.com,low
https://draxe.com/post-about-back-pain-194,draxe.com,low
https://mercola.com/post-about-back-pain-195,mercola.com,low
https://veryspiritualhealing.net/post-about-back-pain-196,veryspiritualhealing.net,low
https://backpainreliefblog.net/post-about-back-pain-197,backpainreliefblog.net,low
https://reddit.com/r/backpain/post-about-back-pain-198,reddit.com/r/backpain,low
https://reddit.com/r/ChronicPain/post-about-back-pain-199,reddit.com/r/ChronicPain,low
https://quora.com/post-about-back-pain-200,quora.com,low
https://healingwell.com/post-about-back-pain-201,healingwell.com,low
https://patientslikeme.com/post-about-back-pain-202,patientslikeme.com,low
https://spineuniverse.com/forum/post-about-back-pain-203,spineuniverse.com/forum,low
https://chirobase.org/post-about-back-pain-204,chirobase.org,low
https://naturalhealthblogs.com/post-about-back-pain-205,naturalhealthblogs.com,low
https://altmedicinezone.com/post-about-back-pain-206,altmedicinezone.com,low
https://holisticwellnesscenter.com/post-about-back-pain-207,holisticwellnesscenter.com,low
https://blogspot.com/backpain/post-about-back-pain-208,blogspot.com/backpain,low
https://wordpress.com/backpain/post-about-back-pain-209,wordpress.com/backpain,low
https://medium.com/tag/back-pain/post-about-back-pain-210,medium.com/tag/back-pain,low
https://mindbodygreen.com/post-about-back-pain-211,mindbodygreen.com,low
https://draxe.com/post-about-back-pain-212,draxe.com,low
https://mercola.com/post-about-back-pain-213,mercola.com,low
https://veryspiritualhealing.net/post-about-back-pain-214,veryspiritualhealing.net,low
https://backpainreliefblog.net/post-about-back-pain-215,backpainreliefblog.net,low
https://reddit.com/r/backpain/post-about-back-pain-216,reddit.com/r/backpain,low
https://reddit.com/r/ChronicPain/post-about-back-pain-217,reddit.com/r/ChronicPain,low
https://quora.com/post-about-back-pain-218,quora.com,low
https://healingwell.com/post-about-back-pain-219,healingwell.com,low
https://patientslikeme.com/post-about-back-pain-220,patientslikeme.com,low
https://spineuniverse.com/forum/post-about-back-pain-221,spineuniverse.com/forum,low
https://chirobase.org/post-about-back-pain-222,chirobase.org,low
https://naturalhealthblogs.com/post-about-back-pain-223,naturalhealthblogs.com,low
https://altmedicinezone.com/post-about-back-pain-224,altmedicinezone.com,low
https://holisticwellnesscenter.com/post-about-back-pain-225,holisticwellnesscenter.com,low
https://blogspot.com/backpain/post-about-back-pain-226,blogspot.com/backpain,low
https://wordpress.com/backpain/post-about-back-pain-227,wordpress.com/backpain,low
https://medium.com/tag/back-pain/post-about-back-pain-228,medium.com/tag/back-pain,low
https://mindbodygreen.com/post-about-back-pain-229,mindbodygreen.com,low
https://draxe.com/post-about-back-pain-230,draxe.com,low
https://mercola.com/post-about-back-pain-231,mercola.com,low
https://veryspiritualhealing.net/post-about-back-pain-232,veryspiritualhealing.net,low
https://backpainreliefblog.net/post-about-back-pain-233,backpainreliefblog.net,low
https://reddit.com/r/backpain/post-about-back-pain-234,reddit.com/r/backpain,low
https://reddit.com/r/ChronicPain/post-about-back-pain-235,reddit.com/r/ChronicPain,low
https://quora.com/post-about-back-pain-236,quora.com,low
https://healingwell.com/post-about-back-pain-237,healingwell.com,low
https://patientslikeme.com/post-about-back-pain-238,patientslikeme.com,low
https://spineuniverse.com/forum/post-about-back-pain-239,spineuniverse.com/forum,low
https://chirobase.org/post-about-back-pain-240,chirobase.org,low
https://naturalhealthblogs.com/post-about-back-pain-241,naturalhealthblogs.com,low
https://altmedicinezone.com/post-about-back-pain-242,altmedicinezone.com,low
https://holisticwellnesscenter.com/post-about-back-pain-243,holisticwellnesscenter.com,low
https://blogspot.com/backpain/post-about-back-pain-244,blogspot.com/backpain,low
https://wordpress.com/backpain/post-about-back-pain-245,wordpress.com/backpain,low
https://medium.com/tag/back-pain/post-about-back-pain-246,medium.com/tag/back-pain,low
https://mindbodygreen.com/post-about-back-pain-247,mindbodygreen.com,low
https://draxe.com/post-about-back-pain-248,draxe.com,low
https://mercola.com/post-about-back-pain-249,mercola.com,low
https://veryspiritualhealing.net/post-about-back-pain-250,veryspiritualhealing.net,low
https://backpainreliefblog.net/post-about-back-pain-251,backpainreliefblog.net,low
https://reddit.com/r/backpain/post-about-back-pain-252,reddit.com/r/backpain,low
https://reddit.com/r/ChronicPain/post-about-back-pain-253,reddit.com/r/ChronicPain,low
https://quora.com/post-about-back-pain-254,quora.com,low
https://healingwell.com/post-about-back-pain-255,healingwell.com,low
https://patientslikeme.com/post-about-back-pain-256,patientslikeme.com,low
https://spineuniverse.com/forum/post-about-back-pain-257,spineuniverse.com/forum,low
https://chirobase.org/post-about-back-pain-258,chirobase.org,low
https://naturalhealthblogs.com/post-about-back-pain-259,naturalhealthblogs.com,low
https://altmedicinezone.com/post-about-back-pain-260,altmedicinezone.com,low
https://holisticwellnesscenter.com/post-about-back-pain-261,holisticwellnesscenter.com,low
https://blogspot.com/backpain/post-about-back-pain-262,blogspot.com/backpain,low
https://wordpress.com/backpain/post-about-back-pain-263,wordpress.com/backpain,low
https://medium.com/tag/back-pain/post-about-back-pain-264,medium.com/tag/back-pain,low
https://mindbodygreen.com/post-about-back-pain-265,mindbodygreen.com,low
https://draxe.com/post-about-back-pain-266,draxe.com,low
https://mercola.com/post-about-back-pain-267,mercola.com,low
https://veryspiritualhealing.net/post-about-back-pain-268,veryspiritualhealing.net,low
https://backpainreliefblog.net/post-about-back-pain-269,backpainreliefblog.net,low
https://reddit.com/r/backpain/post-about-back-pain-270,reddit.com/r/backpain,low
https://reddit.com/r/ChronicPain/post-about-back-pain-271,reddit.com/r/ChronicPain,low
https://quora.com/post-about-back-pain-272,quora.com,low
https://healingwell.com/post-about-back-pain-273,healingwell.com,low
https://patientslikeme.com/post-about-back-pain-274,patientslikeme.com,low
https://spineuniverse.com/forum/post-about-back-pain-275,spineuniverse.com/forum,low
https://chirobase.org/post-about-back-pain-276,chirobase.org,low
https://naturalhealthblogs.com/post-about-back-pain-277,naturalhealthblogs.com,low
https://altmedicinezone.com/post-about-back-pain-278,altmedicinezone.com,low
https://holisticwellnesscenter.com/post-about-back-pain-279,holisticwellnesscenter.com,low
https://blogspot.com/backpain/post-about-back-pain-280,blogspot.com/backpain,low
https://wordpress.com/backpain/post-about-back-pain-281,wordpress.com/backpain,low
https://medium.com/tag/back-pain/post-about-back-pain-282,medium.com/tag/back-pain,low
https://mindbodygreen.com/post-about-back-pain-283,mindbodygreen.com,low
https://draxe.com/post-about-back-pain-284,draxe.com,low
https://mercola.com/post-about-back-pain-285,mercola.com,low
https://veryspiritualhealing.net/post-about-back-pain-286,veryspiritualhealing.net,low
https://backpainreliefblog.net/post-about-back-pain-287,backpainreliefblog.net,low
https://reddit.com/r/backpain/post-about-back-pain-288,reddit.com/r/backpain,low
https://reddit.com/r/ChronicPain/post-about-back-pain-289,reddit.com/r/ChronicPain,low
https://quora.com/post-about-back-pain-290,quora.com,low
https://healingwell.com/post-about-back-pain-291,healingwell.com,low
https://patientslikeme.com/post-about-back-pain-292,patientslikeme.com,low
https://spineuniverse.com/forum/post-about-back-pain-293,spineuniverse.com/forum,low
https://chirobase.org/post-about-back-pain-294,chirobase.org,low
https://naturalhealthblogs.com/post-about-back-pain-295,naturalhealthblogs.com,low
https://altmedicinezone.com/post-about-back-pain-296,altmedicinezone.com,low
https://holisticwellnesscenter.com/post-about-back-pain-297,holisticwellnesscenter.com,low
https://blogspot.com/backpain/post-about-back-pain-298,blogspot.com/backpain,low
https://wordpress.com/backpain/post-about-back-pain-299,wordpress.com/backpain,low
https://medium.com/tag/back-pain/post-about-back-pain-300,medium.com/tag/back-pain,low
https://mindbodygreen.com/post-about-back-pain-301,mindbodygreen.com,low
https://draxe.com/post-about-back-pain-302,draxe.com,low
https://mercola.com/post-about-back-pain-303,mercola.com,low
https://veryspiritualhealing.net/post-about-back-pain-304,veryspiritualhealing.net,low
https://backpainreliefblog.net/post-about-back-pain-305,backpainreliefblog.net,low
https://reddit.com/r/backpain/post-about-back-pain-306,reddit.com/r/backpain,low
https://reddit.com/r/ChronicPain/post-about-back-pain-307,reddit.com/r/ChronicPain,low
https://quora.com/post-about-back-pain-308,quora.com,low
https://healingwell.com/post-about-back-pain-309,healingwell.com,low
https://patientslikeme.com/post-about-back-pain-310,patientslikeme.com,low
https://spineuniverse.com/forum/post-about-back-pain-311,spineuniverse.com/forum,low
https://chirobase.org/post-about-back-pain-312,chirobase.org,low
https://naturalhealthblogs.com/post-about-back-pain-313,naturalhealthblogs.com,low
https://altmedicinezone.com/post-about-back-pain-314,altmedicinezone.com,low
https://holisticwellnesscenter.com/post-about-back-pain-315,holisticwellnesscenter.com,low
https://blogspot.com/backpain/post-about-back-pain-316,blogspot.com/backpain,low
https://wordpress.com/backpain/post-about-back-pain-317,wordpress.com/backpain,low
https://medium.com/tag/back-pain/post-about-back-pain-318,medium.com/tag/back-pain,low
https://mindbodygreen.com/post-about-back-pain-319,mindbodygreen.com,low
https://draxe.com/post-about-back-pain-320,draxe.com,low
https://mercola.com/post-about-back-pain-321,mercola.com,low
https://veryspiritualhealing.net/post-about-back-pain-322,veryspiritualhealing.net,low
https://backpainreliefblog.net/post-about-back-pain-323,backpainreliefblog.net,low
https://reddit.com/r/backpain/post-about-back-pain-324,reddit.com/r/backpain,low
https://reddit.com/r/ChronicPain/post-about-back-pain-325,reddit.com/r/ChronicPain,low
https://quora.com/post-about-back-pain-326,quora.com,low
https://healingwell.com/post-about-back-pain-327,healingwell.com,low
https://patientslikeme.com/post-about-back-pain-328,patientslikeme.com,low
https://spineuniverse.com/forum/post-about-back-pain-329,spineuniverse.com/forum,low
https://chirobase.org/post-about-back-pain-330,chirobase.org,low
https://naturalhealthblogs.com/post-about-back-pain-331,naturalhealthblogs.com,low
https://altmedicinezone.com/post-about-back-pain-332,altmedicinezone.com,low
https://holisticwellnesscenter.com/post-about-back-pain-333,holisticwellnesscenter.com,low
https://blogspot.com/backpain/post-about-back-pain-334,blogspot.com/backpain,low
https://wordpress.com/backpain/post-about-back-pain-335,wordpress.com/backpain,low
https://medium.com/tag/back-pain/post-about-back-pain-336,medium.com/tag/back-pain,low
https://mindbodygreen.com/post-about-back-pain-337,mindbodygreen.com,low
https://draxe.com/post-about-back-pain-338,draxe.com,low
https://mercola.com/post-about-back-pain-339,mercola.com,low
https://veryspiritualhealing.net/post-about-back-pain-340,veryspiritualhealing.net,low
https://backpainreliefblog.net/post-about-back-pain-341,backpainreliefblog.net,low
https://reddit.com/r/backpain/post-about-back-pain-342,reddit.com/r/backpain,low
https://reddit.com/r/ChronicPain/post-about-back-pain-343,reddit.com/r/ChronicPain,low
https://quora.com/post-about-back-pain-344,quora.com,low
https://healingwell.com/post-about-back-pain-345,healingwell.com,low
https://patientslikeme.com/post-about-back-pain-346,patientslikeme.com,low
https://spineuniverse.com/forum/post-about-back-pain-347,spineuniverse.com/forum,low
https://chirobase.org/post-about-back-pain-348,chirobase.org,low
https://naturalhealthblogs.com/post-about-back-pain-349,naturalhealthblogs.com,low
https://altmedicinezone.com/post-about-back-pain-350,altmedicinezone.com,low
https://holisticwellnesscenter.com/post-about-back-pain-351,holisticwellnesscenter.com,low
https://blogspot.com/backpain/post-about-back-pain-352,blogspot.com/backpain,low
https://wordpress.com/backpain/post-about-back-pain-353,wordpress.com/backpain,low
https://medium.com/tag/back-pain/post-about-back-pain-354,medium.com/tag/back-pain,low
https://mindbodygreen.com/post-about-back-pain-355,mindbodygreen.com,low
https://draxe.com/post-about-back-pain-356,draxe.com,low
https://mercola.com/post-about-back-pain-357,mercola.com,low
https://veryspiritualhealing.net/post-about-back-pain-358,veryspiritualhealing.net,low
https://backpainreliefblog.net/post-about-back-pain-359,backpainreliefblog.net,low
https://reddit.com/r/backpain/post-about-back-pain-360,reddit.com/r/backpain,low
https://reddit.com/r/ChronicPain/post-about-back-pain-361,reddit.com/r/ChronicPain,low
https://quora.com/post-about-back-pain-362,quora.com,low
https://healingwell.com/post-about-back-pain-363,healingwell.com,low
https://patientslikeme.com/post-about-back-pain-364,patientslikeme.com,low
https://spineuniverse.com/forum/post-about-back-pain-365,spineuniverse.com/forum,low
https://chirobase.org/post-about-back-pain-366,chirobase.org,low
https://naturalhealthblogs.com/post-about-back-pain-367,naturalhealthblogs.com,low
https://altmedicinezone.com/post-about-back-pain-368,altmedicinezone.com,low
https://holisticwellnesscenter.com/post-about-back-pain-369,holisticwellnesscenter.com,low
https://blogspot.com/backpain/post-about-back-pain-370,blogspot.com/backpain,low
https://wordpress.com/backpain/post-about-back-pain-371,wordpress.com/backpain,low
https://medium.com/tag/back-pain/post-about-back-pain-372,medium.com/tag/back-pain,low
https://mindbodygreen.com/post-about-back-pain-373,mindbodygreen.com,low
https://draxe.com/post-about-back-pain-374,draxe.com,low
https://mercola.com/post-about-back-pain-375,mercola.com,low
https://veryspiritualhealing.net/post-about-back-pain-376,veryspiritualhealing.net,low
https://backpainreliefblog.net/post-about-back-pain-377,backpainreliefblog.net,low
https://reddit.com/r/backpain/post-about-back-pain-378,reddit.com/r/backpain,low
https://reddit.com/r/ChronicPain/post-about-back-pain-379,reddit.com/r/ChronicPain,low
https://quora.com/post-about-back-pain-380,quora.com,low
https://healingwell.com/post-about-back-pain-381,healingwell.com,low
https://patientslikeme.com/post-about-back-pain-382,patientslikeme.com,low
https://spineuniverse.com/forum/post-about-back-pain-383,spineuniverse.com/forum,low
https://chirobase.org/post-about-back-pain-384,chirobase.org,low
https://naturalhealthblogs.com/post-about-back-pain-385,naturalhealthblogs.com,low
https://altmedicinezone.com/post-about-back-pain-386,altmedicinezone.com,low
https://holisticwellnesscenter.com/post-about-back-pain-387,holisticwellnesscenter.com,low
https://blogspot.com/backpain/post-about-back-pain-388,blogspot.com/backpain,low
https://wordpress.com/backpain/post-about-back-pain-389,wordpress.com/backpain,low
https://medium.com/tag/back-pain/post-about-back-pain-390,medium.com/tag/back-pain,low
https://mindbodygreen.com/post-about-back-pain-391,mindbodygreen.com,low
https://draxe.com/post-about-back-pain-392,draxe.com,low
https://mercola.com/post-about-back-pain-393,mercola.com,low
https://veryspiritualhealing.net/post-about-back-pain-394,veryspiritualhealing.net,low
https://backpainreliefblog.net/post-about-back-pain-395,backpainreliefblog.net,low
https://reddit.com/r/backpain/post-about-back-pain-396,reddit.com/r/backpain,low
https://reddit.com/r/ChronicPain/post-about-back-pain-397,reddit.com/r/ChronicPain,low
https://quora.com/post-about-back-pain-398,quora.com,low
https://healingwell.com/post-about-back-pain-399,healingwell.com,low
